,Sector,In-Degree,In-Degree pvalue,First-Order Degree,First-Order Degree pvalue,Betweenness centrality,Betweenness centrality pvalue,Eigenvector centrality,Eigenvector centrality pvalue
0,D,0.20961719364230863,0.36563436563436563,0.29865812545497067,0.1998001998001998,,0.001998001998001998,0.048230504731858616,0.8171828171828172
1,C19,-0.27918042162095086,0.2677322677322677,-0.25321014984225776,0.26173826173826176,,0.001998001998001998,-0.7661230174714465,0.001998001998001998
2,C24,-0.1094461453530638,0.6613386613386614,-0.14005396566366637,0.5714285714285714,,0.001998001998001998,-0.7420077651055172,0.001998001998001998
3,C23,-0.25228264013587587,0.27972027972027974,-0.1799368830380879,0.42357642357642356,-0.26855622854312167,0.6253746253746254,-0.7828181921863206,0.001998001998001998
4,B05_06,-0.7726155854161197,0.001998001998001998,-0.17344431509341465,0.45354645354645357,0.44119676001727265,0.055944055944055944,-0.7809631727735569,0.001998001998001998
5,C20,-0.16973427626788706,0.4435564435564436,-0.09924353858286293,0.6913086913086913,,0.001998001998001998,-0.8106434833777776,0.001998001998001998
6,H49,0.30700571281240774,0.1978021978021978,0.3710038825527586,0.08191808191808192,,0.001998001998001998,-0.5973162509099413,0.013986013986013986
7,F,0.07049073768502413,0.7752247752247752,0.1650967277359776,0.5254745254745254,,0.001998001998001998,-0.7503553524629544,0.001998001998001998
8,B07_08,-0.28196295074009653,0.2217782217782218,-0.3468886301868293,0.15784215784215785,0.42838007551212837,0.07192807192807193,-0.7874557407182302,0.001998001998001998
