,Sector,In-Degree,In-Degree pvalue,First-Order Degree,First-Order Degree pvalue,Betweenness centrality,Betweenness centrality pvalue,Eigenvector centrality,Eigenvector centrality pvalue
0,D,0.20961719364230863,0.34565434565434566,0.29865812545497067,0.23576423576423577,,0.001998001998001998,0.048230504731858616,0.8191808191808192
1,C19,-0.27918042162095086,0.27372627372627373,-0.25321014984225776,0.2817182817182817,,0.001998001998001998,-0.7661230174714465,0.001998001998001998
2,C24,-0.1094461453530638,0.6173826173826173,-0.14005396566366637,0.5694305694305695,,0.001998001998001998,-0.7420077651055172,0.001998001998001998
3,C23,-0.25228264013587587,0.2777222777222777,-0.1799368830380879,0.4835164835164835,-0.26855622854312167,0.6053946053946054,-0.7828181921863206,0.001998001998001998
4,B05_06,-0.7726155854161197,0.001998001998001998,-0.17344431509341465,0.4935064935064935,0.44119676001727265,0.06393606393606394,-0.7809631727735569,0.001998001998001998
5,C20,-0.16973427626788706,0.4935064935064935,-0.09924353858286293,0.7032967032967034,,0.001998001998001998,-0.8106434833777776,0.001998001998001998
6,H49,0.30700571281240774,0.21178821178821178,0.3710038825527586,0.0919080919080919,,0.001998001998001998,-0.5973162509099413,0.007992007992007992
7,F,0.07049073768502413,0.7712287712287712,0.1650967277359776,0.4835164835164835,,0.001998001998001998,-0.7503553524629544,0.001998001998001998
8,B07_08,-0.28196295074009653,0.2057942057942058,-0.3468886301868293,0.11388611388611389,0.42838007551212837,0.057942057942057944,-0.7874557407182302,0.001998001998001998
