,Sector,In-Degree,In-Degree pvalue,First-Order Degree,First-Order Degree pvalue,Betweenness centrality,Betweenness centrality pvalue,Eigenvector centrality,Eigenvector centrality pvalue
0,D,0.8055167074346536,0.001998001998001998,0.6915284941184291,0.003996003996003996,,0.001998001998001998,0.9620605203889354,0.001998001998001998
1,C19,0.6368141517266412,0.005994005994005994,0.6018577663096658,0.005994005994005994,-0.5913392814714561,0.001998001998001998,0.7796793790829761,0.001998001998001998
2,C24,0.2902899832453186,0.2077922077922078,0.37084165398878394,0.10789210789210789,0.19453988405968992,0.3956043956043956,0.21581768387871852,0.36363636363636365
3,C23,0.5486632667620943,0.017982017982017984,0.5972982377770167,0.005994005994005994,,0.001998001998001998,0.30548841168748186,0.17582417582417584
4,B05_06,0.8313540357863313,0.001998001998001998,0.3845202395867309,0.0999000999000999,-0.7492825221986495,0.001998001998001998,0.8556715212937925,0.001998001998001998
5,C20,0.7872785933040578,0.001998001998001998,0.7204055081585393,0.001998001998001998,,0.001998001998001998,0.848072307072711,0.001998001998001998
6,H49,0.7599214221081639,0.001998001998001998,0.6276950946613433,0.001998001998001998,-0.14521857792358958,0.5634365634365635,0.7523222078870823,0.001998001998001998
7,F,0.7036872368721597,0.003996003996003996,0.7766396933945435,0.001998001998001998,,0.001998001998001998,0.9575009918562865,0.001998001998001998
8,B07_08,0.7979174932135721,0.001998001998001998,0.40731788224997584,0.08791208791208792,-0.30396856884326556,0.1958041958041958,0.8389532500074129,0.001998001998001998
