,Sector,In-Degree,In-Degree pvalue,First-Order Degree,First-Order Degree pvalue,Betweenness centrality,Betweenness centrality pvalue,Eigenvector centrality,Eigenvector centrality pvalue
0,D,0.8055167074346536,0.001998001998001998,0.6915284941184291,0.001998001998001998,,0.001998001998001998,0.9620605203889354,0.001998001998001998
1,C19,0.6368141517266412,0.003996003996003996,0.6018577663096658,0.00999000999000999,-0.5913392814714561,0.003996003996003996,0.7796793790829761,0.001998001998001998
2,C24,0.2902899832453186,0.23776223776223776,0.37084165398878394,0.11788211788211789,0.19453988405968992,0.4155844155844156,0.21581768387871852,0.38161838161838163
3,C23,0.5486632667620943,0.00999000999000999,0.5972982377770167,0.003996003996003996,,0.001998001998001998,0.30548841168748186,0.2037962037962038
4,B05_06,0.8313540357863313,0.001998001998001998,0.3845202395867309,0.08591408591408592,-0.7492825221986495,0.001998001998001998,0.8556715212937925,0.001998001998001998
5,C20,0.7872785933040578,0.001998001998001998,0.7204055081585393,0.001998001998001998,,0.001998001998001998,0.848072307072711,0.001998001998001998
6,H49,0.7599214221081639,0.001998001998001998,0.6276950946613433,0.007992007992007992,-0.14521857792358958,0.5034965034965035,0.7523222078870823,0.001998001998001998
7,F,0.7036872368721597,0.001998001998001998,0.7766396933945435,0.001998001998001998,,0.001998001998001998,0.9575009918562865,0.001998001998001998
8,B07_08,0.7979174932135721,0.001998001998001998,0.40731788224997584,0.059940059940059943,-0.30396856884326556,0.18981018981018982,0.8389532500074129,0.001998001998001998
