,Sector,In-Degree,In-Degree pvalue,First-Order Degree,First-Order Degree pvalue,Betweenness centrality,Betweenness centrality pvalue,Eigenvector centrality,Eigenvector centrality pvalue
0,D,0.8541353383458646,0.001998001998001998,0.5458646616541353,0.013986013986013986,-0.33250184175129177,0.15984015984015984,0.8736842105263156,0.001998001998001998
1,C19,0.7293233082706766,0.001998001998001998,0.7142857142857143,0.001998001998001998,-0.5059397221420431,0.015984015984015984,0.6812030075187969,0.001998001998001998
2,C24,0.34285714285714286,0.13586413586413587,0.38796992481203,0.06793206793206794,,0.001998001998001998,-0.5172932330827067,0.01998001998001998
3,C23,0.8436090225563909,0.001998001998001998,0.8225563909774435,0.001998001998001998,-0.25010265157331557,0.27972027972027974,0.7563909774436091,0.001998001998001998
4,B05_06,0.7729323308270677,0.001998001998001998,0.6736842105263157,0.001998001998001998,-0.7293233082706766,0.001998001998001998,0.6105263157894737,0.007992007992007992
5,C20,0.09774436090225563,0.6973026973026973,0.3293233082706767,0.17182817182817184,,0.001998001998001998,-0.8571428571428572,0.001998001998001998
6,H49,0.8436090225563909,0.001998001998001998,0.7999999999999999,0.001998001998001998,-0.05967860100145692,0.919080919080919,0.8030075187969924,0.001998001998001998
7,F,0.8210526315789473,0.001998001998001998,0.831578947368421,0.001998001998001998,,0.001998001998001998,0.6676691729323309,0.003996003996003996
8,B07_08,0.9082706766917292,0.001998001998001998,0.7443609022556391,0.001998001998001998,-0.2743550299076976,0.23376623376623376,0.882706766917293,0.001998001998001998
