,Sector,In-Degree,In-Degree pvalue,First-Order Degree,First-Order Degree pvalue,Betweenness centrality,Betweenness centrality pvalue,Eigenvector centrality,Eigenvector centrality pvalue
0,D,0.7684210526315788,0.001998001998001998,0.41503759398496237,0.07392607392607392,-0.3802372546759822,0.0919080919080919,0.8436090225563909,0.001998001998001998
1,C19,0.6466165413533834,0.005994005994005994,0.6375939849624059,0.003996003996003996,-0.4407209298346704,0.05194805194805195,0.544360902255639,0.00999000999000999
2,C24,0.20601503759398496,0.4075924075924076,0.23609022556390977,0.3176823176823177,,0.001998001998001998,-0.7142857142857143,0.001998001998001998
3,C23,0.8300751879699247,0.001998001998001998,0.8406015037593983,0.001998001998001998,-0.4373006968418275,0.0899100899100899,0.6421052631578947,0.00999000999000999
4,B05_06,0.8165413533834586,0.001998001998001998,0.6616541353383457,0.005994005994005994,-0.6345864661654135,0.005994005994005994,0.7127819548872181,0.001998001998001998
5,C20,0.1639097744360902,0.5774225774225774,0.2601503759398496,0.2937062937062937,,0.001998001998001998,-0.7834586466165413,0.001998001998001998
6,H49,0.7984962406015037,0.001998001998001998,0.7263157894736841,0.001998001998001998,-0.21882153700534204,0.5254745254745254,0.6496240601503759,0.005994005994005994
7,F,0.9533834586466164,0.001998001998001998,0.9443609022556391,0.001998001998001998,,0.001998001998001998,0.9308270676691727,0.001998001998001998
8,B07_08,0.7744360902255639,0.001998001998001998,0.669172932330827,0.003996003996003996,-0.29027065318963585,0.21578421578421578,0.7082706766917292,0.003996003996003996
