,Sector,In-Degree,In-Degree pvalue,First-Order Degree,First-Order Degree pvalue,Betweenness centrality,Betweenness centrality pvalue,Eigenvector centrality,Eigenvector centrality pvalue
0,D,0.869975297683507,0.001998001998001998,0.8949029566429197,0.001998001998001998,-0.6930738963530305,0.003996003996003996,-0.009971063583765124,0.977022977022977
1,C19,0.8649897658916244,0.001998001998001998,0.7528153005742667,0.003996003996003996,-0.8899174248510372,0.001998001998001998,0.43374126589378287,0.04395604395604396
2,C24,0.7602935982620905,0.001998001998001998,0.692988919071676,0.001998001998001998,-0.5359446676273754,0.015984015984015984,0.002492765895941281,0.9690309690309691
3,C23,0.5833072196502597,0.005994005994005994,0.4985531791882562,0.027972027972027972,-0.34150892774395547,0.13386613386613386,-0.3215668005764252,0.17582417582417584
4,B05_06,0.8550187023078594,0.001998001998001998,0.8749608294753897,0.001998001998001998,-0.5808144537543185,0.007992007992007992,-0.5558867947949057,0.011988011988011988
5,C20,0.772757427741797,0.001998001998001998,0.8275982774525051,0.001998001998001998,-0.7054527485513824,0.001998001998001998,-0.21437786705095013,0.36563436563436563
6,H49,0.7827284913255621,0.001998001998001998,0.7129310462392063,0.001998001998001998,-0.07655502392344499,0.991008991008991,-0.5882927514421423,0.007992007992007992
7,F,0.6256842398812614,0.00999000999000999,0.8101489161809162,0.003996003996003996,-0.8804105685382903,0.001998001998001998,-0.301624673408895,0.1938061938061938
8,B07_08,0.7528153005742667,0.001998001998001998,0.727887641614854,0.001998001998001998,-0.6904961531757348,0.003996003996003996,0.0772757427741797,0.7132867132867133
