,Sector,In-Degree,In-Degree pvalue,First-Order Degree,First-Order Degree pvalue,Betweenness centrality,Betweenness centrality pvalue,Eigenvector centrality,Eigenvector centrality pvalue
0,D,0.869975297683507,0.001998001998001998,0.8949029566429197,0.001998001998001998,-0.6930738963530305,0.003996003996003996,-0.009971063583765124,0.957042957042957
1,C19,0.8649897658916244,0.001998001998001998,0.7528153005742667,0.003996003996003996,-0.8899174248510372,0.001998001998001998,0.43374126589378287,0.053946053946053944
2,C24,0.7602935982620905,0.001998001998001998,0.692988919071676,0.003996003996003996,-0.5359446676273754,0.03396603396603397,0.002492765895941281,0.975024975024975
3,C23,0.5833072196502597,0.00999000999000999,0.4985531791882562,0.04195804195804196,-0.34150892774395547,0.16383616383616384,-0.3215668005764252,0.18181818181818182
4,B05_06,0.8550187023078594,0.001998001998001998,0.8749608294753897,0.001998001998001998,-0.5808144537543185,0.02197802197802198,-0.5558867947949057,0.007992007992007992
5,C20,0.772757427741797,0.001998001998001998,0.8275982774525051,0.001998001998001998,-0.7054527485513824,0.001998001998001998,-0.21437786705095013,0.4075924075924076
6,H49,0.7827284913255621,0.001998001998001998,0.7129310462392063,0.003996003996003996,-0.07655502392344499,0.991008991008991,-0.5882927514421423,0.00999000999000999
7,F,0.6256842398812614,0.007992007992007992,0.8101489161809162,0.001998001998001998,-0.8804105685382903,0.001998001998001998,-0.301624673408895,0.2037962037962038
8,B07_08,0.7528153005742667,0.001998001998001998,0.727887641614854,0.001998001998001998,-0.6904961531757348,0.001998001998001998,0.0772757427741797,0.7952047952047953
