,Sector,In-Degree,In-Degree pvalue,First-Order Degree,First-Order Degree pvalue,Betweenness centrality,Betweenness centrality pvalue,Eigenvector centrality,Eigenvector centrality pvalue
0,D,0.11272386235221106,0.5994005994005994,0.2264365305145292,0.33766233766233766,-0.18979432788805758,1.0,0.569552146621698,0.015984015984015984
1,C19,-0.07613804737824781,0.8011988011988012,-0.12557833788360354,0.5894105894105894,0.4162651847575718,0.07192807192807193,0.5033021573445212,0.03196803196803197
2,C24,0.13447759017456756,0.5994005994005994,0.02669775687289209,0.9210789210789211,0.3648693439295252,0.1038961038961039,0.48847007019291455,0.03596403596403597
3,C23,-0.2561007048177426,0.32367632367632365,-0.45583947845937983,0.025974025974025976,-0.2385868644614793,0.7992007992007992,0.604160349975447,0.00999000999000999
4,B05_06,,0.001998001998001998,-0.1651305702878881,0.4975024975024975,0.6061379615956612,0.015984015984015984,-0.5517536420397698,0.013986013986013986
5,C20,0.07218282413781936,0.7172827172827173,0.2798320442603134,0.21978021978021978,,0.001998001998001998,0.4696827598008794,0.05194805194805195
6,H49,0.1829290748698162,0.5054945054945055,0.13843281341499603,0.5214785214785215,,0.001998001998001998,0.6140484080765181,0.003996003996003996
7,F,-0.6506342230504812,0.001998001998001998,-0.7099625716569082,0.001998001998001998,,0.001998001998001998,-0.6733767566829449,0.001998001998001998
8,B07_08,-0.2491790641469928,0.2977022977022977,-0.483526041142379,0.04395604395604396,0.03686403810642921,0.919080919080919,0.4479290319785229,0.055944055944055944
