,Sector,In-Degree,In-Degree pvalue,First-Order Degree,First-Order Degree pvalue,Betweenness centrality,Betweenness centrality pvalue,Eigenvector centrality,Eigenvector centrality pvalue
0,D,0.11272386235221106,0.6633366633366633,0.2264365305145292,0.36363636363636365,-0.18979432788805758,1.0,0.569552146621698,0.00999000999000999
1,C19,-0.07613804737824781,0.7272727272727273,-0.12557833788360354,0.5914085914085914,0.4162651847575718,0.08791208791208792,0.5033021573445212,0.029970029970029972
2,C24,0.13447759017456756,0.5554445554445554,0.02669775687289209,0.9170829170829171,0.3648693439295252,0.10789210789210789,0.48847007019291455,0.03396603396603397
3,C23,-0.2561007048177426,0.26173826173826176,-0.45583947845937983,0.055944055944055944,-0.2385868644614793,0.8131868131868132,0.604160349975447,0.001998001998001998
4,B05_06,,0.001998001998001998,-0.1651305702878881,0.5134865134865135,0.6061379615956612,0.00999000999000999,-0.5517536420397698,0.013986013986013986
5,C20,0.07218282413781936,0.7792207792207793,0.2798320442603134,0.23576423576423577,,0.001998001998001998,0.4696827598008794,0.03796203796203796
6,H49,0.1829290748698162,0.47152847152847155,0.13843281341499603,0.5694305694305695,,0.001998001998001998,0.6140484080765181,0.005994005994005994
7,F,-0.6506342230504812,0.001998001998001998,-0.7099625716569082,0.001998001998001998,,0.001998001998001998,-0.6733767566829449,0.003996003996003996
8,B07_08,-0.2491790641469928,0.3096903096903097,-0.483526041142379,0.04195804195804196,0.03686403810642921,0.8591408591408591,0.4479290319785229,0.05194805194805195
