,Sector,In-Degree,In-Degree pvalue,First-Order Degree,First-Order Degree pvalue,Betweenness centrality,Betweenness centrality pvalue,Eigenvector centrality,Eigenvector centrality pvalue
0,D,-0.31127819548872177,0.1998001998001998,-0.3383458646616541,0.12187812187812187,0.19194297398747864,0.41358641358641357,-0.1789473684210526,0.4875124875124875
1,C19,-0.43458646616541347,0.055944055944055944,-0.3383458646616541,0.12987012987012986,0.1892910886760623,0.41358641358641357,-0.14586466165413534,0.4855144855144855
2,C24,-0.42105263157894735,0.053946053946053944,-0.3969924812030075,0.0919080919080919,0.34664893451872214,0.13386613386613386,-0.19548872180451127,0.42957042957042957
3,C23,-0.13984962406015036,0.5814185814185814,-0.16992481203007515,0.44755244755244755,,0.001998001998001998,-0.1894736842105263,0.42157842157842157
4,B05_06,-0.2541353383458646,0.2997002997002997,-0.22556390977443608,0.3836163836163836,,0.001998001998001998,-0.1413533834586466,0.5474525474525475
5,C20,-0.5353383458646617,0.023976023976023976,-0.5684210526315789,0.011988011988011988,,0.001998001998001998,-0.16842105263157892,0.4835164835164835
6,H49,-0.2781954887218045,0.2777222777222777,-0.21052631578947367,0.39760239760239763,,0.001998001998001998,-0.16240601503759397,0.5154845154845155
7,F,0.07218045112781954,0.7852147852147852,0.015037593984962403,0.9470529470529471,,0.001998001998001998,0.2270676691729323,0.35364635364635366
8,B07_08,-0.2526315789473684,0.2777222777222777,-0.2902255639097744,0.2137862137862138,,0.001998001998001998,-0.2120300751879699,0.3676323676323676
