,Sector,In-Degree,In-Degree pvalue,First-Order Degree,First-Order Degree pvalue,Betweenness centrality,Betweenness centrality pvalue,Eigenvector centrality,Eigenvector centrality pvalue
0,D,-0.2120300751879699,0.37362637362637363,-0.25864661654135335,0.25774225774225773,0.10102261788814663,0.6613386613386614,-0.3218045112781954,0.17182817182817184
1,C19,-0.39999999999999997,0.0939060939060939,-0.2857142857142857,0.2137862137862138,0.03979414932394491,0.8591408591408591,-0.29473684210526313,0.26973026973026976
2,C24,-0.42556390977443603,0.07192807192807193,-0.4120300751879699,0.08391608391608392,0.32522251031005944,0.15384615384615385,-0.3609022556390977,0.11388611388611389
3,C23,-0.04060150375939849,0.8291708291708292,-0.07669172932330826,0.7152847152847153,,0.001998001998001998,-0.31729323308270674,0.1878121878121878
4,B05_06,-0.22255639097744356,0.34965034965034963,-0.193984962406015,0.4155844155844156,,0.001998001998001998,-0.2781954887218045,0.23776223776223776
5,C20,-0.4827067669172932,0.03596403596403597,-0.5157894736842105,0.027972027972027972,,0.001998001998001998,-0.3157894736842105,0.18181818181818182
6,H49,-0.193984962406015,0.4195804195804196,-0.12330827067669171,0.6193806193806194,,0.001998001998001998,-0.32481203007518794,0.1918081918081918
7,F,0.19548872180451127,0.4095904095904096,0.13533834586466165,0.5654345654345654,,0.001998001998001998,0.3533834586466165,0.11388611388611389
8,B07_08,-0.14285714285714285,0.5594405594405595,-0.17142857142857143,0.43956043956043955,,0.001998001998001998,-0.33233082706766914,0.17782217782217782
