,Sector,In-Degree,In-Degree pvalue,First-Order Degree,First-Order Degree pvalue,Betweenness centrality,Betweenness centrality pvalue,Eigenvector centrality,Eigenvector centrality pvalue
0,D,0.6136803955233705,0.003996003996003996,0.6447528206131614,0.001998001998001998,-0.4835442755841376,0.03396603396603397,-0.7939004610441577,0.001998001998001998
1,C19,0.05670717578886842,0.8151848151848152,0.25246345385455116,0.25774225774225773,0.7699998218214839,0.001998001998001998,-0.44511248941125486,0.055944055944055944
2,C24,0.6711643819394837,0.001998001998001998,0.39772704114932367,0.0899100899100899,-0.6435355300626066,0.005994005994005994,-0.12040564722293978,0.6053946053946054
3,C23,0.7395237171370237,0.001998001998001998,0.797007703553137,0.001998001998001998,0.551173306649327,0.011988011988011988,-0.9166365401488319,0.001998001998001998
4,B05_06,0.8902249788225097,0.001998001998001998,0.6696107606849941,0.001998001998001998,-0.5371801902604865,0.023976023976023976,-0.6431991993586719,0.003996003996003996
5,C20,0.8218656436249696,0.001998001998001998,0.8886713575680202,0.001998001998001998,,0.001998001998001998,0.7014599964020299,0.001998001998001998
6,H49,0.8001149460621161,0.001998001998001998,0.848277204951292,0.001998001998001998,-0.7430712122530492,0.001998001998001998,-0.8001149460621161,0.001998001998001998
7,F,0.8047758098255846,0.001998001998001998,0.7799178697537518,0.001998001998001998,,0.001998001998001998,-0.7993381354348713,0.001998001998001998
8,B07_08,0.7022368070292746,0.001998001998001998,0.5422138178168515,0.017982017982017984,-0.6882542157388687,0.003996003996003996,-0.30761700838893,0.18181818181818182
