,Sector,In-Degree,In-Degree pvalue,First-Order Degree,First-Order Degree pvalue,Betweenness centrality,Betweenness centrality pvalue,Eigenvector centrality,Eigenvector centrality pvalue
0,D,0.6017345524641524,0.005994005994005994,0.6304996408894414,0.005994005994005994,-0.42163140585623715,0.06393606393606394,-0.7797671267720218,0.003996003996003996
1,C19,0.06763682954054426,0.7592407592407593,0.2542211868937698,0.26573426573426573,0.711430649869911,0.001998001998001998,-0.452467066581572,0.053946053946053944
2,C24,0.656932424847815,0.003996003996003996,0.4042661075986554,0.0959040959040959,-0.6221938777691512,0.001998001998001998,-0.1298316153249528,0.6053946053946054
3,C23,0.7525569079913431,0.001998001998001998,0.7867640401727679,0.001998001998001998,0.5418909438223775,0.02197802197802198,-0.8839433929609062,0.001998001998001998
4,B05_06,0.8722818706263294,0.001998001998001998,0.6413837284017129,0.007992007992007992,-0.5527832241002142,0.011988011988011988,-0.6771457302277477,0.001998001998001998
5,C20,0.8201937375318874,0.001998001998001998,0.8567331741802274,0.001998001998001998,,0.001998001998001998,0.6452709025132384,0.001998001998001998
6,H49,0.7719927785489709,0.001998001998001998,0.8380747384449048,0.001998001998001998,-0.7217311785988659,0.003996003996003996,-0.7556666472805635,0.001998001998001998
7,F,0.7890963446396831,0.001998001998001998,0.7548892124582585,0.003996003996003996,,0.001998001998001998,-0.7867640401727679,0.001998001998001998
8,B07_08,0.6514903810916792,0.003996003996003996,0.5224362005890316,0.023976023976023976,-0.627389901600221,0.007992007992007992,-0.37861075846258685,0.11388611388611389
