,Sector,In-Degree,In-Degree pvalue,First-Order Degree,First-Order Degree pvalue,Betweenness centrality,Betweenness centrality pvalue,Eigenvector centrality,Eigenvector centrality pvalue
0,D,0.47518796992481205,0.04195804195804196,0.5473684210526315,0.017982017982017984,,0.001998001998001998,0.5052631578947367,0.02197802197802198
1,C19,0.625563909774436,0.003996003996003996,0.5834586466165413,0.015984015984015984,,0.001998001998001998,-0.32481203007518794,0.1918081918081918
2,C24,0.7503759398496239,0.001998001998001998,0.813533834586466,0.001998001998001998,-0.2983930050072846,0.3176823176823177,-0.06165413533834586,0.8071928071928072
3,C23,0.801503759398496,0.001998001998001998,0.7443609022556391,0.001998001998001998,,0.001998001998001998,-0.27518796992481204,0.2177822177822178
4,B05_06,0.4977443609022556,0.027972027972027972,0.6526315789473683,0.00999000999000999,0.13168389772328387,0.5194805194805194,-0.813533834586466,0.001998001998001998
5,C20,0.6466165413533834,0.005994005994005994,0.706766917293233,0.001998001998001998,,0.001998001998001998,-0.5112781954887218,0.03196803196803197
6,H49,0.8270676691729323,0.001998001998001998,0.8165413533834586,0.001998001998001998,-0.43006771615239575,0.055944055944055944,-0.03909774436090225,0.8171828171828172
7,F,0.7052631578947368,0.001998001998001998,0.6977443609022556,0.001998001998001998,,0.001998001998001998,0.6285714285714286,0.005994005994005994
8,B07_08,0.6406015037593984,0.005994005994005994,0.5759398496240601,0.01998001998001998,-0.6511278195488721,0.003996003996003996,0.25864661654135335,0.25774225774225773
