,Sector,In-Degree,In-Degree pvalue,First-Order Degree,First-Order Degree pvalue,Betweenness centrality,Betweenness centrality pvalue,Eigenvector centrality,Eigenvector centrality pvalue
0,D,0.5234192719097502,0.015984015984015984,0.6699464562538938,0.001998001998001998,,0.001998001998001998,0.5815769687886113,0.007992007992007992
1,C19,0.7809747866589924,0.001998001998001998,0.6586170347839858,0.003996003996003996,,0.001998001998001998,-0.30211790586421367,0.21578421578421578
2,C24,0.7349018060146997,0.001998001998001998,0.750762996072571,0.001998001998001998,-0.2597818747993079,0.37362637362637363,-0.31269203256946115,0.18981018981018982
3,C23,0.8474407259491193,0.001998001998001998,0.6880735306057466,0.003996003996003996,,0.001998001998001998,-0.6503087923727199,0.001998001998001998
4,B05_06,0.5702475473187033,0.015984015984015984,0.7839959657176345,0.003996003996003996,0.01322820108588511,0.9590409590409591,-0.8942690013580724,0.001998001998001998
5,C20,0.8768972217708803,0.001998001998001998,0.8738760427122381,0.001998001998001998,,0.001998001998001998,-0.6231181808449407,0.005994005994005994
6,H49,0.9395866872377047,0.001998001998001998,0.9531819930015942,0.001998001998001998,-0.5204549488843555,0.005994005994005994,-0.2628425781018659,0.25374625374625376
7,F,0.7794641971296712,0.001998001998001998,0.8693442741242748,0.001998001998001998,,0.001998001998001998,0.7190406159568286,0.001998001998001998
8,B07_08,0.8089206929514321,0.001998001998001998,0.7228170897801312,0.001998001998001998,-0.8126971667747349,0.001998001998001998,0.13595305763889617,0.6093906093906094
